{
    "K": [
        [
            5963.9000656865655,
            0.0,
            3808.0642181739067
        ],
        [
            0.0,
            5952.808229827136,
            2139.400396545971
        ],
        [
            0.0,
            0.0,
            1.0
        ]
    ],
    "dist": [
        [
            0.18528731465197254,
            -0.8098368372684053,
            -0.007816501836651652,
            -0.0076412828173248945,
            1.2068187335277731
        ]
    ],
    "R": [
        [
            0.9953277646727569,
            -0.007779595565703915,
            -0.09623990214234003
        ],
        [
            -0.005666165929354652,
            0.9903247181504999,
            -0.13865369516818818
        ],
        [
            0.0963874236360436,
            0.13855118372993386,
            0.985653607537577
        ]
    ],
    "t": [
        [
            -0.11853383980826199
        ],
        [
            -0.304937408915392
        ],
        [
            1.0425695866026472
        ]
    ]
}